 63Cu   63   29  255  504   96    7   10.863650    6.122410
  1   0.000000   1.5 -1 -1.000E+00  0 u                   3/2-*  0                                                                                                                                                                                                                              0.000000       
  2   0.669930   0.5 -1  1.980E-13  1 u                    1/2-  0                                                                                                                                                                                                                              0.000000       
                                          1     0.6696  9.995E-01  1.000E+00  5.300E-04
  3   0.962020   2.5 -1  5.700E-13  1 u                    5/2-  0                                                                                                                                                                                                                              0.000000       
                                          1     0.9621  9.997E-01  1.000E+00  2.516E-04
  4   1.326760   3.5 -1  6.100E-13  2 u                    7/2-  0                                                                                                                                                                                                                              0.000000       
                                          3     0.3652  1.582E-01  1.585E-01  2.110E-03
                                          1     1.3270  8.413E-01  8.415E-01  1.788E-04
  5   1.412160   2.5 -1  1.700E-12  3 u                    5/2-  0                                                                                                                                                                                                                              0.000000       
                                          3     0.4499  2.178E-01  2.181E-01  1.300E-03
                                          2     0.7423  6.520E-02  6.524E-02  5.910E-04
                                          1     1.4121  7.165E-01  7.166E-01  1.656E-04
  6   1.547000   1.5 -1  1.160E-13  3 u                    3/2-  0                                                                                                                                                                                                                              0.000000       
                                          3     0.5848  2.150E-01  2.152E-01  6.950E-04
                                          2     0.8772  2.211E-02  2.212E-02  3.120E-04
                                          1     1.5470  7.626E-01  7.627E-01  1.812E-04
  7   1.860630   3.5 -1  6.600E-13  2 u                    7/2-  0                                                                                                                                                                                                                              0.000000       
                                          3     0.8990  4.504E-01  4.505E-01  2.780E-04
                                          1     1.8613  5.493E-01  5.495E-01  3.160E-04
  8   1.952030   0.5 -1             1 g                          0                                                                                                                                                                                                                              0.000000       
                                          3     0.9900  9.997E-01  1.000E+00  2.820E-04
  9   2.012920   1.5 -1  3.300E-14  5 u                    3/2-  0                                                                                                                                                                                                                              0.000000       
                                          6     0.4640  2.403E-02  2.407E-02  1.735E-03
                                          5     0.6000  1.922E-02  1.924E-02  8.490E-04
                                          3     1.0488  2.547E-01  2.548E-01  2.048E-04
                                          2     1.3417  2.211E-01  2.211E-01  1.596E-04
                                          1     2.0114  4.806E-01  4.808E-01  3.500E-04
 10   2.062450   0.5 -1             3 u                  (1/2)-  0                                                                                                                                                                                                                              0.000000       
                                          6     0.5150  3.634E-01  3.639E-01  1.288E-03
                                          2     1.3926  4.782E-01  4.783E-01  1.554E-04
                                          1     2.0621  1.578E-01  1.579E-01  3.710E-04
 11   2.081320   2.5 -1  1.260E-13  4 u                  5/2(-)  0                                                                                                                                                                                                                              0.000000       
                                          6     0.5338  1.011E-01  1.012E-01  8.820E-04
                                          4     0.7548  2.684E-01  2.685E-01  4.200E-04
                                          3     1.1194  2.411E-01  2.412E-01  1.930E-04
                                          1     2.0814  3.890E-01  3.891E-01  3.790E-04
 12   2.092130   3.5 -1  2.400E-13  4 u                    7/2-  0                                                                                                                                                                                                                              0.000000       
                                          5     0.6810  4.900E-02  4.903E-02  6.110E-04
                                          4     0.7657  3.773E-01  3.775E-01  3.920E-04
                                          3     1.1307  4.900E-01  4.901E-01  1.901E-04
                                          1     2.0926  8.331E-02  8.334E-02  4.130E-04
 13   2.207840   4.5 -1  3.100E-13  2 u                    9/2-  0                                                                                                                                                                                                                              0.000000       
                                          4     0.8810  5.713E-01  5.715E-01  2.950E-04
                                          3     1.2452  4.285E-01  4.285E-01  1.784E-04
 14   2.336540   2.5 -1             5 u                    5/2-  0                                                                                                                                                                                                                              0.000000       
                                          7     0.4758  4.573E-02  4.580E-02  1.613E-03
                                          5     0.9243  7.186E-02  7.188E-02  2.930E-04
                                          3     1.3745  2.025E-01  2.026E-01  1.661E-04
                                          2     1.6672  2.613E-02  2.614E-02  2.456E-04
                                          1     2.3365  6.533E-01  6.536E-01  4.860E-04
 15   2.337400   1.5  1             0 c               3/2+,5/2+  0                                                                                                                                                                                                                              0.000000       
 16   2.404660   3.5 -1  1.200E-13 10 u                    7/2-  0                                                                                                                                                                                                                              0.000000       
                                         11     0.3230  4.170E-02  4.192E-02  5.260E-03
                                         10     0.3420  4.170E-02  4.325E-02  3.730E-02
                                          9     0.3930  4.170E-02  4.187E-02  4.160E-03
                                          7     0.5430  3.574E-02  3.578E-02  1.112E-03
                                          6     0.8580  3.574E-02  3.576E-02  4.020E-04
                                          5     0.9924  1.519E-01  1.519E-01  2.359E-04
                                          4     1.0778  2.413E-01  2.413E-01  2.080E-04
                                          3     1.4427  2.979E-01  2.979E-01  1.724E-04
                                          2     1.7350  4.170E-02  4.171E-02  2.760E-04
                                          1     2.4047  6.851E-02  6.854E-02  5.510E-04
 17   2.430370   1.5 -1             4 g                          0                                                                                                                                                                                                                              0.000000       
                                          7     0.5700  1.984E-01  1.986E-01  1.262E-03
                                          6     0.8840  3.815E-01  3.816E-01  3.240E-04
                                          3     1.4676  3.090E-01  3.091E-01  1.761E-04
                                          1     2.4296  1.106E-01  1.107E-01  5.260E-04
 18   2.497190   1.5 -1  1.030E-13  4 u                  (3/2-)  0                                                                                                                                                                                                                              0.000000       
                                          5     1.0850  1.478E-02  1.479E-02  2.050E-04
                                          3     1.5350  2.382E-02  2.382E-02  1.896E-04
                                          2     1.8270  1.396E-01  1.397E-01  2.790E-04
                                          1     2.4974  8.213E-01  8.217E-01  5.550E-04
 19   2.503500   2.5 -1             2 c               5/2-,7/2-  0                                                                                                                                                                                                                              0.000000       
                                          3     1.5415  4.998E-01  4.999E-01  1.912E-04
                                          1     2.5034  4.998E-01  5.001E-01  5.580E-04
 20   2.505080   4.5  1  1.500E-12  5 u                    9/2+  0                                                                                                                                                                                                                              0.000000       
                                         13     0.2970  2.961E-02  2.968E-02  2.285E-03
                                         12     0.4143  3.073E-01  3.075E-01  9.140E-04
                                          7     0.6454  3.702E-01  3.703E-01  2.910E-04
                                          4     1.1789  2.517E-01  2.518E-01  1.253E-04
                                          3     1.5430  4.072E-02  4.073E-02  2.200E-04
 21   2.511060   1.5 -1  1.500E-13  3 c             1/2,3/2,5/2  0                                                                                                                                                                                                                              0.000000       
                                          5     1.0990  2.441E-01  2.441E-01  1.994E-04
                                          2     1.8400  1.743E-01  1.744E-01  2.840E-04
                                          1     2.5120  5.811E-01  5.815E-01  5.620E-04
 22   2.535830   2.5 -1             8 u                  (5/2)-  0                                                                                                                                                                                                                              0.000000       
                                         12     0.4431  5.756E-02  5.767E-02  1.984E-03
                                          7     0.6750  4.988E-02  4.991E-02  6.250E-04
                                          6     0.9896  1.343E-02  1.343E-02  2.509E-04
                                          5     1.1237  3.837E-01  3.838E-01  1.916E-04
                                          4     1.2088  4.221E-02  4.222E-02  1.717E-04
                                          3     1.5737  9.209E-02  9.211E-02  1.993E-04
                                          2     1.8661  6.907E-02  6.909E-02  3.180E-04
                                          1     2.5360  2.916E-01  2.918E-01  5.720E-04
 23   2.547280   4.5 -1             3 u                    9/2-  0                                                                                                                                                                                                                              0.000000       
                                          7     0.6863  6.942E-01  6.945E-01  4.970E-04
                                          4     1.2202  1.249E-01  1.250E-01  1.701E-04
                                          3     1.5854  1.805E-01  1.805E-01  2.200E-04
 24   2.617950   2.5  1             2 g                          0                                                                                                                                                                                                                              0.000000       
                                         12     0.5260  4.679E-01  4.682E-01  4.950E-04
                                          4     1.2910  5.317E-01  5.318E-01  1.846E-04
 25   2.630650   1.5 -1             2 c               1/2-,3/2-  0                                                                                                                                                                                                                              0.000000       
                                          3     1.6689  7.934E-01  7.936E-01  2.264E-04
                                          1     2.6303  2.063E-01  2.064E-01  6.120E-04
 26   2.672930   3.5 -1  6.600E-14  3 c                5/2,7/2-  0                                                                                                                                                                                                                              0.000000       
                                          7     0.8115  1.337E-01  1.337E-01  3.970E-04
                                          4     1.3464  2.292E-01  2.292E-01  1.650E-04
                                          1     2.6736  6.366E-01  6.370E-01  6.700E-04
 27   2.676840   5.5 -1  5.800E-13  2 u                   11/2-  0                                                                                                                                                                                                                              0.000000       
                                         13     0.4692  3.006E-01  3.009E-01  1.137E-03
                                          4     1.3501  6.990E-01  6.991E-01  1.792E-04
 28   2.678430   2.5 -1             2 g                     (-)  0                                                                                                                                                                                                                              0.000000       
                                          6     1.1310  6.288E-01  6.289E-01  1.893E-04
                                          3     1.7168  3.710E-01  3.711E-01  2.414E-04
 29   2.682270   0.5 -1             2 c             (1/2-,3/2-)  0                                                                                                                                                                                                                              0.000000       
                                          2     2.0120  6.287E-01  6.289E-01  3.220E-04
                                          1     2.6825  3.709E-01  3.711E-01  6.340E-04
 30   2.696660   1.5 -1             4 c               1/2-,3/2-  0                                                                                                                                                                                                                              0.000000       
                                          9     0.6856  3.702E-02  3.704E-02  6.010E-04
                                          6     1.1495  1.573E-01  1.574E-01  1.839E-04
                                          2     2.0268  4.628E-01  4.629E-01  3.570E-04
                                          1     2.6966  3.424E-01  3.427E-01  6.400E-04
 31   2.716470   2.5 -1  2.000E-13  6 c               3/2-,5/2-  0                                                                                                                                                                                                                              0.000000       
                                         12     0.6243  1.641E-01  1.642E-01  7.650E-04
                                          6     1.1696  8.952E-02  8.954E-02  1.789E-04
                                          4     1.3897  4.973E-01  4.974E-01  1.670E-04
                                          3     1.7549  4.973E-02  4.975E-02  2.540E-04
                                          2     2.0464  4.476E-02  4.478E-02  3.930E-04
                                          1     2.7169  1.542E-01  1.543E-01  6.480E-04
 32   2.764090   1.5 -1             3 c               3/2-,5/2-  0                                                                                                                                                                                                                              0.000000       
                                          7     0.9030  4.166E-01  4.167E-01  3.530E-04
                                          4     1.4374  3.666E-01  3.666E-01  1.864E-04
                                          3     1.8024  2.166E-01  2.167E-01  2.700E-04
 33   2.776360   1.5 -1             2 u                    3/2-  0                                                                                                                                                                                                                              0.000000       
                                          3     1.8137  7.192E-01  7.194E-01  2.740E-04
                                          2     2.1070  2.805E-01  2.806E-01  3.900E-04
 34   2.780230   0.5 -1             5 c             (1/2-,3/2-)  0                                                                                                                                                                                                                              0.000000       
                                         22     0.2443  1.265E-01  1.293E-01  2.240E-02
                                         10     0.7180  2.417E-01  2.419E-01  4.450E-04
                                          6     1.2337  8.554E-02  8.555E-02  1.686E-04
                                          2     2.1108  1.711E-01  1.711E-01  3.600E-04
                                          1     2.7803  3.719E-01  3.722E-01  6.750E-04
 35   2.808100   1.5 -1  1.800E-13  4 u                    3/2-  0                                                                                                                                                                                                                              0.000000       
                                          6     1.2610  0.000E+00  0.000E+00  1.664E-04
                                          4     1.4810  2.624E-01  2.625E-01  1.938E-04
                                          2     2.1383  1.787E-01  1.788E-01  4.030E-04
                                          1     2.8081  5.584E-01  5.588E-01  6.860E-04
 36   2.810000   0.5 -1             0 c               1/2-,3/2-  0                                                                                                                                                                                                                              0.000000       
 37   2.818870   2.5 -1             1 c               5/2-,7/2-  0                                                                                                                                                                                                                              0.000000       
                                          1     2.8188  9.993E-01  1.000E+00  6.910E-04
 38   2.832370   2.5 -1  2.000E-13  3 c               5/2-,7/2-  0                                                                                                                                                                                                                              0.000000       
                                          7     0.9718  7.574E-01  7.576E-01  2.610E-04
                                          4     1.5056  2.424E-01  2.424E-01  1.832E-04
                                          1     2.8310  0.000E+00  0.000E+00  6.960E-04
 39   2.836750   2.5 -1             3 g                          0                                                                                                                                                                                                                              0.000000       
                                          7     0.9760  2.049E-01  2.050E-01  2.590E-04
                                          2     2.1660  4.998E-01  5.000E-01  4.450E-04
                                          1     2.8375  2.949E-01  2.951E-01  6.990E-04
 40   2.847000   2.5 -1             0 c               5/2-,7/2-  0                                                                                                                                                                                                                              0.000000       
 41   2.857900   0.5 -1  4.000E-13  4 c             (1/2-,3/2-)  0                                                                                                                                                                                                                              0.000000       
                                          5     1.4458  3.144E-01  3.144E-01  1.876E-04
                                          3     1.8956  1.095E-01  1.095E-01  3.300E-04
                                          2     2.1880  2.225E-01  2.226E-01  3.900E-04
                                          1     2.8576  3.532E-01  3.535E-01  7.070E-04
 42   2.865480   2.5 -1             3 g                          0                                                                                                                                                                                                                              0.000000       
                                          7     1.0060  4.628E-01  4.629E-01  2.419E-04
                                          5     1.4520  3.193E-01  3.194E-01  1.737E-04
                                          1     2.8660  2.175E-01  2.177E-01  7.100E-04
 43   2.888900   1.5 -1             4 c           1/2-,3/2,5/2-  0                                                                                                                                                                                                                              0.000000       
                                         11     0.8080  9.892E-02  9.896E-02  4.010E-04
                                          3     1.9272  5.206E-01  5.208E-01  3.170E-04
                                          2     2.2199  1.614E-01  1.615E-01  4.370E-04
                                          1     2.8894  2.187E-01  2.188E-01  7.200E-04
 44   2.911080   3.5 -1             1 g                          0                                                                                                                                                                                                                              0.000000       
                                         20     0.4060  9.990E-01  1.000E+00  9.640E-04
 45   2.957290   1.5 -1             3 g                          0                                                                                                                                                                                                                              0.000000       
                                          9     0.9440  3.133E-01  3.134E-01  2.790E-04
                                          3     1.9968  3.133E-01  3.134E-01  3.440E-04
                                          1     2.9560  3.730E-01  3.732E-01  7.470E-04
 46   2.977470   2.5 -1             2 c          1/2-,3/2-,5/2-  0                                                                                                                                                                                                                              0.000000       
                                          2     2.3080  4.009E-01  4.011E-01  5.080E-04
                                          1     2.9768  5.984E-01  5.989E-01  7.560E-04
 47   3.032700   1.5 -1             3 c               1/2-,3/2-  0                                                                                                                                                                                                                              0.000000       
                                          4     1.7066  3.754E-01  3.755E-01  2.590E-04
                                          3     2.0700  1.167E-01  1.167E-01  3.740E-04
                                          1     3.0321  5.073E-01  5.077E-01  7.780E-04
 48   3.042590   2.5 -1             4 u                  (5/2-)  0                                                                                                                                                                                                                              0.000000       
                                         18     0.5460  5.169E-02  5.175E-02  1.096E-03
                                          6     1.4960  5.744E-02  5.745E-02  1.812E-04
                                          2     2.3726  5.744E-01  5.747E-01  5.370E-04
                                          1     3.0425  3.159E-01  3.161E-01  7.820E-04
 49   3.095240   0.5  1             2 g                          0                                                                                                                                                                                                                              0.000000       
                                          2     2.4255  2.364E-01  2.366E-01  9.420E-04
                                          1     3.0951  7.624E-01  7.634E-01  1.290E-03
 50   3.101400   1.5 -1             2 c               1/2-,3/2-  0                                                                                                                                                                                                                              0.000000       
                                          2     2.4310  4.502E-01  4.505E-01  5.270E-04
                                          1     3.1017  5.491E-01  5.495E-01  8.060E-04
 51   3.128100   3.5 -1             1 g                       -  0                                                                                                                                                                                                                              0.000000       
                                          9     1.1180  9.998E-01  1.000E+00  2.127E-04
 52   3.183000   1.5  1             0 n                       -  0                                                                                                                                                                                                                              0.000000       
 53   3.208000   2.5  1             0 c               3/2+,5/2+  0                                                                                                                                                                                                                              0.000000       
 54   3.210000   4.5  1             0 n                       -  0                                                                                                                                                                                                                              0.000000       
 55   3.210100   4.5  1             0 u                     9/2  0                                                                                                                                                                                                                              0.000100       
 56   3.225500   2.5 -1             2 u                  (5/2-)  0                                                                                                                                                                                                                              0.000000       
                                          2     2.5580  6.574E-01  6.578E-01  6.200E-04
                                          1     3.2240  3.419E-01  3.422E-01  8.540E-04
 57   3.248000   2.5  1             1 u                   (5/2)  0                                                                                                                                                                                                                              0.000000       
                                          2     2.5780  9.996E-01  1.000E+00  4.160E-04
 58   3.263700   1.5 -1             2 g                     (-)  0                                                                                                                                                                                                                              0.000000       
                                          2     2.5910  4.009E-01  4.011E-01  5.950E-04
                                          1     3.2640  5.983E-01  5.989E-01  8.700E-04
 59   3.280000   2.5 -1             0 c               5/2-,7/2-  0                                                                                                                                                                                                                              0.000000       
 60   3.291000   2.5 -1             1 g                          0                                                                                                                                                                                                                              0.000000       
                                          2     2.6210  9.994E-01  1.000E+00  6.470E-04
 61   3.292600   1.5  1             1 g                          0                                                                                                                                                                                                                              0.000000       
                                          1     3.2920  9.986E-01  1.000E+00  1.389E-03
 62   3.294830   5.5  1             3 u                 (11/2+)  0                                                                                                                                                                                                                              0.000000       
                                         27     0.6180  3.350E-01  3.351E-01  3.360E-04
                                         20     0.7900  5.317E-01  5.320E-01  4.230E-04
                                         13     1.0870  1.329E-01  1.329E-01  1.019E-04
 63   3.297690   1.5  1  1.600E-14  2 c               1/2+,3/2+  0                                                                                                                                                                                                                              0.000000       
                                          2     2.6277  6.795E-01  6.802E-01  1.054E-03
                                          1     3.2974  3.194E-01  3.198E-01  1.391E-03
 64   3.307500   1.5  1             5 u                  (3/2+)  0                                                                                                                                                                                                                              0.000000       
                                         10     1.2450  2.962E-01  2.963E-01  1.585E-04
                                          9     1.2960  1.432E-01  1.433E-01  1.874E-04
                                          3     2.3450  3.255E-01  3.258E-01  8.880E-04
                                          2     2.6370  1.530E-01  1.532E-01  1.059E-03
                                          1     3.3070  8.138E-02  8.149E-02  1.396E-03
 65   3.309700   1.5 -1             2 g                     (+)  0                                                                                                                                                                                                                              0.000000       
                                          6     1.7630  4.997E-01  4.998E-01  2.570E-04
                                          1     3.3090  4.997E-01  5.002E-01  8.870E-04
 66   3.370000   0.5  1             0 n                          0                                                                                                                                                                                                                              0.000000       
 67   3.389000   2.5  1             0 n                          0                                                                                                                                                                                                                              0.000000       
 68   3.406400   1.5  1             1 g                          0                                                                                                                                                                                                                              0.000000       
                                          1     3.4060  9.986E-01  1.000E+00  1.442E-03
 69   3.418100   1.5  1             2 g                          0                                                                                                                                                                                                                              0.000000       
                                         18     0.9210  3.785E-01  3.786E-01  1.407E-04
                                          1     3.4180  6.205E-01  6.214E-01  1.447E-03
 70   3.426000   0.5 -1  2.200E-14  2 c              (1/2,3/2)-  0                                                                                                                                                                                                                              0.000000       
                                          2     2.7560  4.044E-01  4.047E-01  6.210E-04
                                          1     3.4260  5.948E-01  5.953E-01  9.320E-04
 71   3.429900   1.5  1             2 u                   (3/2)  0                                                                                                                                                                                                                              0.000000       
                                          3     2.4680  1.867E-01  1.869E-01  9.610E-04
                                          1     3.4300  8.119E-01  8.131E-01  1.452E-03
 72   3.460100   1.5  1             1 c               3/2+,5/2+  0                                                                                                                                                                                                                              0.000000       
                                         20     0.9550  9.988E-01  1.000E+00  1.213E-03
 73   3.461170   5.5  1             2 u                   11/2+  0                                                                                                                                                                                                                              0.000000       
                                         20     0.9561  9.997E-01  1.000E+00  2.526E-04
                                          1     3.4610  0.000E+00  0.000E+00  7.060E-05
 74   3.465100   0.5 -1  7.000E-14  2 c              (1/2,3/2)-  0                                                                                                                                                                                                                              0.000000       
                                          2     2.7950  4.591E-01  4.594E-01  6.370E-04
                                          1     3.4652  5.401E-01  5.406E-01  9.460E-04
 75   3.476100   2.5  1             1 u                    5/2+  0                                                                                                                                                                                                                              0.000000       
                                          1     3.4760  9.985E-01  1.000E+00  1.470E-03
 76   3.500000   1.5  1             0 c               3/2+,5/2+  0                                                                                                                                                                                                                              0.000000       
 77   3.537600   0.5  1             2 g                          0                                                                                                                                                                                                                              0.000000       
                                          2     2.8660  5.945E-01  5.952E-01  1.186E-03
                                          1     3.5390  4.042E-01  4.048E-01  1.494E-03
 78   3.540100   1.5  1             2 g                          0                                                                                                                                                                                                                              0.000000       
                                          6     1.9910  6.056E-01  6.060E-01  6.610E-04
                                          5     2.1300  3.937E-01  3.940E-01  7.530E-04
 79   3.541100   2.5 -1             2 g                          0                                                                                                                                                                                                                              0.000000       
                                          3     2.5790  3.286E-01  3.288E-01  5.900E-04
                                          1     3.5410  6.706E-01  6.712E-01  9.730E-04
 80   3.565400   0.5  1             3 g                          0                                                                                                                                                                                                                              0.000000       
                                          6     2.0190  3.347E-01  3.349E-01  6.800E-04
                                          2     2.8950  1.412E-01  1.414E-01  1.201E-03
                                          1     3.5650  5.229E-01  5.237E-01  1.504E-03
 81   3.570100   2.5  1             1 c               3/2+,5/2+  0                                                                                                                                                                                                                              0.000000       
                                          1     3.5700  9.985E-01  1.000E+00  1.506E-03
 82   3.575000   1.5 -1             1 c               1/2-,3/2-  0                                                                                                                                                                                                                              0.000000       
                                          2     2.9050  9.993E-01  1.000E+00  7.260E-04
 83   3.581100   0.5 -1  5.000E-15  2 c              (1/2,3/2)-  0                                                                                                                                                                                                                              0.000000       
                                          2     2.9110  6.284E-01  6.289E-01  6.830E-04
                                          1     3.5810  3.708E-01  3.711E-01  9.870E-04
 84   3.583300   3.5 -1  1.000E-13  2 c              (5/2,7/2)-  0                                                                                                                                                                                                                              0.000000       
                                          4     2.2562  4.789E-01  4.791E-01  4.520E-04
                                          3     2.6215  5.206E-01  5.209E-01  6.080E-04
 85   3.607000   3.5 -1             1 c              (5/2,7/2)-  0                                                                                                                                                                                                                              0.000000       
                                          1     3.6070  9.990E-01  1.000E+00  1.042E-03
 86   3.649200   2.5  1             2 g                          0                                                                                                                                                                                                                              0.000000       
                                         10     1.5880  7.404E-02  7.405E-02  2.172E-04
                                          2     2.9780  9.254E-01  9.259E-01  5.450E-04
 87   3.657900   1.5 -1             1 g                          0                                                                                                                                                                                                                              0.000000       
                                          1     3.6590  9.990E-01  1.000E+00  1.016E-03
 88   3.680900   3.5 -1  6.300E-14  1 c              (5/2,7/2)-  0                                                                                                                                                                                                                              0.000000       
                                          3     2.7188  9.994E-01  1.000E+00  6.490E-04
 89   3.683000   2.5  1             0 c               3/2+,5/2+  0                                                                                                                                                                                                                              0.000000       
 90   3.708000   0.5 -1             0 c               1/2-,3/2-  0                                                                                                                                                                                                                              0.000000       
 91   3.719100   2.5 -1             3 g                       +  0                                                                                                                                                                                                                              0.000000       
                                          3     2.7570  4.256E-01  4.259E-01  6.650E-04
                                          2     3.0490  4.626E-01  4.630E-01  8.290E-04
                                          1     3.7190  1.110E-01  1.111E-01  1.039E-03
 92   3.730000   3.5 -1             0 c               5/2-,7/2-  0                                                                                                                                                                                                                              0.000000       
 93   3.740100   0.5  1             2 g                       +  0                                                                                                                                                                                                                              0.000000       
                                          6     2.1930  3.585E-01  3.588E-01  7.940E-04
                                          1     3.7400  6.402E-01  6.412E-01  1.580E-03
 94   3.774600   3.5 -1  1.160E-13  5 c              (5/2,7/2)-  0                                                                                                                                                                                                                              0.000000       
                                         15     1.4376  1.120E-01  1.120E-01  2.360E-04
                                         10     1.7120  1.700E-01  1.701E-01  2.820E-04
                                          7     1.9130  1.368E-01  1.369E-01  3.110E-04
                                          4     2.4489  1.659E-01  1.660E-01  5.350E-04
                                          1     3.7740  4.147E-01  4.151E-01  1.108E-03
 95   3.779000   2.5  1             0 c               3/2+,5/2+  0                                                                                                                                                                                                                              0.000000       
 96   3.786700   1.5 -1             5 c               1/2-,3/2-  0                                                                                                                                                                                                                              0.000000       
                                         29     1.1040  6.007E-02  6.008E-02  1.983E-04
                                          9     1.7750  3.276E-02  3.277E-02  2.610E-04
                                          5     2.3750  2.075E-01  2.076E-01  5.030E-04
                                          3     2.8240  1.529E-01  1.530E-01  6.930E-04
                                          2     3.1160  5.461E-01  5.465E-01  8.110E-04
 97   3.810000   1.5  1             0 n                       +  0                                                                                                                                                                                                                              0.000000       
 98   3.840000  -1.0  0             0                         +  0                                                                                                                                                                                                                              0.000000       
 99   3.867100  -1.0  0             1                            0                                                                                                                                                                                                                              0.000000       
                                          3     2.9050  1.000E+00  1.000E+00  0.000E+00
100   3.881000  -1.0  0             0               (3/2+,5/2+)  0                                                                                                                                                                                                                              0.000000       
101   3.885680  -1.0  0             0                 5/2-,7/2-  0                                                                                                                                                                                                                              0.000000       
102   3.888600  -1.0  0  1.190E-13  3                (5/2,7/2)-  0                                                                                                                                                                                                                              0.000000       
                                          4     2.5620  4.831E-01  4.831E-01  0.000E+00
                                          3     2.9259  3.333E-01  3.333E-01  0.000E+00
                                          1     3.8890  1.836E-01  1.836E-01  0.000E+00
103   3.892000   2.5  1             1                    (5/2+)  0                                                                                                                                                                                                                              0.000000       
                                          1     3.8920  9.984E-01  1.000E+00  1.645E-03
104   3.895100  -1.0  0  2.800E-14  1                (5/2,7/2)-  0                                                                                                                                                                                                                              0.000000       
                                          1     3.8950  1.000E+00  1.000E+00  0.000E+00
105   3.902100  -1.0  0             1                            0                                                                                                                                                                                                                              0.000000       
                                          1     3.9020  1.000E+00  1.000E+00  0.000E+00
106   3.920000  -1.0  0             0                            0                                                                                                                                                                                                                              0.000000       
107   3.960100  -1.0  0             1                            0                                                                                                                                                                                                                              0.000000       
                                          1     3.9600  1.000E+00  1.000E+00  0.000E+00
108   3.970000  -1.0  0             0                 7/2+,9/2+  0                                                                                                                                                                                                                              0.000000       
109   3.979200  -1.0  0             2                            0                                                                                                                                                                                                                              0.000000       
                                         10     1.9160  2.806E-01  2.806E-01  0.000E+00
                                          9     1.9670  7.194E-01  7.194E-01  0.000E+00
110   4.017100  -1.0  0             1                            0                                                                                                                                                                                                                              0.000000       
                                          1     4.0170  1.000E+00  1.000E+00  0.000E+00
111   4.039200   1.5 -1             2                    (3/2-)  0                                                                                                                                                                                                                              0.000000       
                                          7     2.1780  4.816E-01  4.818E-01  4.510E-04
                                          4     2.7120  5.178E-01  5.182E-01  6.860E-04
112   4.055100  -1.0  0             2                 1/2-,3/2-  0                                                                                                                                                                                                                              0.000000       
                                          2     3.3850  3.939E-01  3.939E-01  0.000E+00
                                          1     4.0550  6.061E-01  6.061E-01  0.000E+00
113   4.110500   0.5  1  1.600E-14  1                      1/2+  0                                                                                                                                                                                                                              0.000000       
                                          1     4.1104  9.983E-01  1.000E+00  1.724E-03
114   4.117000   0.5  1             1                      1/2+  0                                                                                                                                                                                                                              0.000000       
                                          1     4.1170  9.983E-01  1.000E+00  1.726E-03
115   4.125700  -1.0  0             3                            0                                                                                                                                                                                                                              0.000000       
                                          9     2.1140  2.240E-01  2.240E-01  0.000E+00
                                          6     2.5780  3.760E-01  3.760E-01  0.000E+00
                                          1     4.1250  4.000E-01  4.000E-01  0.000E+00
116   4.129570   6.5  1  2.300E-12  2                     13/2+  0                                                                                                                                                                                                                              0.000000       
                                         73     0.6685  4.998E-01  5.001E-01  5.190E-04
                                         20     1.6240  4.998E-01  4.999E-01  2.373E-04
117   4.133100  -1.0  0             2                            0                                                                                                                                                                                                                              0.000000       
                                          3     3.1710  6.250E-01  6.250E-01  0.000E+00
                                          1     4.1330  3.750E-01  3.750E-01  0.000E+00
118   4.145100  -1.0  0             2                            0                                                                                                                                                                                                                              0.000000       
                                          3     3.1830  4.949E-01  4.949E-01  0.000E+00
                                          1     4.1450  5.051E-01  5.051E-01  0.000E+00
119   4.148000  -1.0  0             1                            0                                                                                                                                                                                                                              0.000000       
                                          2     3.4780  1.000E+00  1.000E+00  0.000E+00
120   4.155560   6.5  1             3                     13/2+  0                                                                                                                                                                                                                              0.000000       
                                         73     0.6943  2.206E-01  2.207E-01  4.970E-04
                                         62     0.8610  8.963E-02  8.966E-02  3.450E-04
                                         20     1.6498  6.894E-01  6.896E-01  2.395E-04
121   4.182000  -1.0  0             1                            0                                                                                                                                                                                                                              0.000000       
                                          1     4.1820  1.000E+00  1.000E+00  0.000E+00
122   4.189000  -1.0  0             1                            0                                                                                                                                                                                                                              0.000000       
                                          1     4.1890  1.000E+00  1.000E+00  0.000E+00
123   4.222100  -1.0  0  2.000E-14  2                (5/2,7/2)-  0                                                                                                                                                                                                                              0.000000       
                                          3     3.2610  8.000E-01  8.000E-01  0.000E+00
                                          1     4.2213  2.000E-01  2.000E-01  0.000E+00
124   4.260000  -1.0  0             0               (5/2-,7/2-)  0                                                                                                                                                                                                                              0.000000       
125   4.286900  -1.0  0  3.100E-14  2                (5/2,7/2)-  0                                                                                                                                                                                                                              0.000000       
                                          3     3.3270  6.211E-01  6.211E-01  0.000E+00
                                          1     4.2866  3.789E-01  3.789E-01  0.000E+00
126   4.289100  -1.0  0             2                            0                                                                                                                                                                                                                              0.000000       
                                          3     3.3270  1.935E-01  1.935E-01  0.000E+00
                                          1     4.2890  8.065E-01  8.065E-01  0.000E+00
127   4.294000  -1.0  0             0                 1/2-,3/2-  0                                                                                                                                                                                                                              0.000000       
128   4.354750  -1.0  0             0                            0                                                                                                                                                                                                                              0.000000       
129   4.358100  -1.0  0             3                            0                                                                                                                                                                                                                              0.000000       
                                          3     3.3960  6.977E-02  6.977E-02  0.000E+00
                                          2     3.6880  7.752E-01  7.752E-01  0.000E+00
                                          1     4.3580  1.550E-01  1.550E-01  0.000E+00
130   4.362100  -1.0  0             2                            0                                                                                                                                                                                                                              0.000000       
                                          2     3.6920  3.750E-01  3.750E-01  0.000E+00
                                          1     4.3620  6.250E-01  6.250E-01  0.000E+00
131   4.371000  -1.0  0             0                 5/2-,7/2-  0                                                                                                                                                                                                                              0.000000       
132   4.381000  -1.0  0             1                            0                                                                                                                                                                                                                              0.000000       
                                          1     4.3810  1.000E+00  1.000E+00  0.000E+00
133   4.403100  -1.0  0             2                            0                                                                                                                                                                                                                              0.000000       
                                          3     3.4410  4.949E-01  4.949E-01  0.000E+00
                                          2     3.7330  5.051E-01  5.051E-01  0.000E+00
134   4.416000  -1.0  0             1                            0                                                                                                                                                                                                                              0.000000       
                                          5     3.0040  1.000E+00  1.000E+00  0.000E+00
135   4.421100  -1.0  0             2                            0                                                                                                                                                                                                                              0.000000       
                                          9     2.4090  3.377E-01  3.377E-01  0.000E+00
                                          1     4.4200  6.623E-01  6.623E-01  0.000E+00
136   4.432900   0.5  1  1.600E-14  2                      1/2+  0                                                                                                                                                                                                                              0.000000       
                                          2     3.7647  5.199E-01  5.208E-01  1.599E-03
                                          1     4.4324  4.783E-01  4.792E-01  1.836E-03
137   4.457200  -1.0  0             3                            0                                                                                                                                                                                                                              0.000000       
                                         10     2.3950  2.748E-01  2.748E-01  0.000E+00
                                          2     3.7870  2.748E-01  2.748E-01  0.000E+00
                                          1     4.4570  4.505E-01  4.505E-01  0.000E+00
138   4.470780  -1.0  0             0                            0                                                                                                                                                                                                                              0.000000       
139   4.497650   8.5  1  4.100E-09  2                     17/2+  0                                                                                                                                                                                                                              0.000000       
                                        120     0.3423  9.117E-01  9.175E-01  6.390E-03
                                        116     0.3680  8.205E-02  8.248E-02  5.200E-03
140   4.498800  -1.0  0  8.000E-15  1                (5/2,7/2)-  0                                                                                                                                                                                                                              0.000000       
                                          1     4.4986  1.000E+00  1.000E+00  0.000E+00
141   4.501200  -1.0  0             1                            0                                                                                                                                                                                                                              0.000000       
                                          1     4.5010  1.000E+00  1.000E+00  0.000E+00
142   4.507200  -1.0  0             1                            0                                                                                                                                                                                                                              0.000000       
                                          5     3.0950  1.000E+00  1.000E+00  0.000E+00
143   4.511500  -1.0  0             2                 5/2-,7/2-  0                                                                                                                                                                                                                              0.000000       
                                          3     3.5490  6.667E-01  6.667E-01  0.000E+00
                                          1     4.5120  3.333E-01  3.333E-01  0.000E+00
144   4.517100  -1.0  0             2                            0                                                                                                                                                                                                                              0.000000       
                                          2     3.8470  7.752E-01  7.752E-01  0.000E+00
                                          1     4.5170  2.248E-01  2.248E-01  0.000E+00
145   4.531100  -1.0  0             1                            0                                                                                                                                                                                                                              0.000000       
                                          3     3.5690  1.000E+00  1.000E+00  0.000E+00
146   4.533000  -1.0  0             1                            0                                                                                                                                                                                                                              0.000000       
                                          1     4.5330  1.000E+00  1.000E+00  0.000E+00
147   4.576700   7.5  1  2.400E-12  2                   (15/2+)  0                                                                                                                                                                                                                              0.000000       
                                        120     0.4213  7.289E-01  7.299E-01  1.463E-03
                                        116     0.4471  2.697E-01  2.701E-01  1.452E-03
148   4.581000  -1.0  0             0               (5/2-,7/2-)  0                                                                                                                                                                                                                              0.000000       
149   4.593100  -1.0  0             1                            0                                                                                                                                                                                                                              0.000000       
                                          3     3.6310  1.000E+00  1.000E+00  0.000E+00
150   4.598000  -1.0  0             1                            0                                                                                                                                                                                                                              0.000000       
                                          1     4.5980  1.000E+00  1.000E+00  0.000E+00
151   4.637000  -1.0  0             1                            0                                                                                                                                                                                                                              0.000000       
                                          1     4.6370  1.000E+00  1.000E+00  0.000E+00
152   4.644100  -1.0  0             2                            0                                                                                                                                                                                                                              0.000000       
                                          6     3.0970  5.988E-01  5.988E-01  0.000E+00
                                          1     4.6440  4.012E-01  4.012E-01  0.000E+00
153   4.647200  -1.0  0             1                            0                                                                                                                                                                                                                              0.000000       
                                          1     4.6470  1.000E+00  1.000E+00  0.000E+00
154   4.666000  -1.0  0             0                            0                                                                                                                                                                                                                              0.000000       
155   4.691800  -1.0  0             0                            0                                                                                                                                                                                                                              0.000000       
156   4.735000  -1.0  0             0                            0                                                                                                                                                                                                                              0.000000       
157   4.753100  -1.0  0             1                            0                                                                                                                                                                                                                              0.000000       
                                          6     3.2060  1.000E+00  1.000E+00  0.000E+00
158   4.772000  -1.0  0             0                            0                                                                                                                                                                                                                              0.000000       
159   4.789200  -1.0  0             1                            0                                                                                                                                                                                                                              0.000000       
                                          1     4.7890  1.000E+00  1.000E+00  0.000E+00
160   4.796100  -1.0  0             1                            0                                                                                                                                                                                                                              0.000000       
                                          3     3.8340  1.000E+00  1.000E+00  0.000E+00
161   4.805900   0.5  1  7.000E-15  2                      1/2+  0                                                                                                                                                                                                                              0.000000       
                                          2     4.1360  0.000E+00  0.000E+00  1.741E-03
                                          1     4.8049  0.000E+00  0.000E+00  1.955E-03
162   4.810200  -1.0  0             1                            0                                                                                                                                                                                                                              0.000000       
                                          1     4.8100  1.000E+00  1.000E+00  0.000E+00
163   4.839200  -1.0  0             1                            0                                                                                                                                                                                                                              0.000000       
                                          1     4.8390  1.000E+00  1.000E+00  0.000E+00
164   4.869700  -1.0  0             2                            0                                                                                                                                                                                                                              0.000000       
                                          5     3.4580  3.976E-01  3.976E-01  0.000E+00
                                          3     3.9070  6.024E-01  6.024E-01  0.000E+00
165   4.876650  -1.0  0             0                            0                                                                                                                                                                                                                              0.000000       
166   4.890000  -1.0  0             0                 7/2+,9/2+  0                                                                                                                                                                                                                              0.000000       
167   4.919000  -1.0  0             1          13/2,15/2+,19/2+  0                                                                                                                                                                                                                              0.000000       
                                        139     0.4214  1.000E+00  1.000E+00  0.000E+00
168   4.955900  -1.0  0             3                 5/2-,7/2-  0                                                                                                                                                                                                                              0.000000       
                                         11     2.8740  4.545E-01  4.545E-01  0.000E+00
                                          9     2.9440  3.909E-01  3.909E-01  0.000E+00
                                          1     4.9550  1.545E-01  1.545E-01  0.000E+00
169   5.007650   9.5  1             1                   (19/2+)  0                                                                                                                                                                                                                              0.000000       
                                        139     0.5100  9.987E-01  1.000E+00  1.324E-03
170   5.016200  -1.0  0             1                            0                                                                                                                                                                                                                              0.000000       
                                          3     4.0540  1.000E+00  1.000E+00  0.000E+00
171   5.053200  -1.0  0             1                            0                                                                                                                                                                                                                              0.000000       
                                          1     5.0530  1.000E+00  1.000E+00  0.000E+00
172   5.073200  -1.0  0             1                            0                                                                                                                                                                                                                              0.000000       
                                          1     5.0730  1.000E+00  1.000E+00  0.000E+00
173   5.101200  -1.0  0             1                            0                                                                                                                                                                                                                              0.000000       
                                          1     5.1010  1.000E+00  1.000E+00  0.000E+00
174   5.140200  -1.0  0             1                            0                                                                                                                                                                                                                              0.000000       
                                          1     5.1400  1.000E+00  1.000E+00  0.000E+00
175   5.162200  -1.0  0             1                            0                                                                                                                                                                                                                              0.000000       
                                          1     5.1620  1.000E+00  1.000E+00  0.000E+00
176   5.191000  -1.0  0             0                            0                                                                                                                                                                                                                              0.000000       
177   5.226200  -1.0  0             1                            0                                                                                                                                                                                                                              0.000000       
                                          1     5.2260  1.000E+00  1.000E+00  0.000E+00
178   5.253000  -1.0  0             1                            0                                                                                                                                                                                                                              0.000000       
                                          1     5.2530  1.000E+00  1.000E+00  0.000E+00
179   5.274200  -1.0  0             1                            0                                                                                                                                                                                                                              0.000000       
                                          1     5.2740  1.000E+00  1.000E+00  0.000E+00
180   5.292000  -1.0  0             1                            0                                                                                                                                                                                                                              0.000000       
                                          1     5.2920  1.000E+00  1.000E+00  0.000E+00
181   5.304000  -1.0  0             2                            0                                                                                                                                                                                                                              0.000000       
                                          4     3.9770  0.000E+00  0.000E+00  0.000E+00
                                          1     5.3040  0.000E+00  0.000E+00  0.000E+00
182   5.312200  -1.0  0             1                            0                                                                                                                                                                                                                              0.000000       
                                          1     5.3120  1.000E+00  1.000E+00  0.000E+00
183   5.318650  -1.0  0             1                            0                                                                                                                                                                                                                              0.000000       
                                        139     0.8210  1.000E+00  1.000E+00  0.000E+00
184   5.337000   0.5  1             1                      1/2+  0                                                                                                                                                                                                                              0.000000       
                                          9     3.3240  9.986E-01  1.000E+00  1.404E-03
185   5.358500   9.5  1  8.000E-13  1                   (19/2+)  0                                                                                                                                                                                                                              0.000000       
                                        139     0.8608  9.997E-01  1.000E+00  3.110E-04
186   5.366200   0.5  1             1                    (1/2+)  0                                                                                                                                                                                                                              0.000000       
                                          1     5.3660  9.979E-01  1.000E+00  2.122E-03
187   5.401500  -1.0  0             2                            0                                                                                                                                                                                                                              0.000000       
                                          6     3.8540  0.000E+00  0.000E+00  0.000E+00
                                          5     3.9900  0.000E+00  0.000E+00  0.000E+00
188   5.413000   8.5  1  2.000E-12  1                   (17/2+)  0                                                                                                                                                                                                                              0.000000       
                                        147     0.8363  9.997E-01  1.000E+00  3.280E-04
189   5.543200  -1.0  0             1                            0                                                                                                                                                                                                                              0.000000       
                                          3     4.5810  1.000E+00  1.000E+00  0.000E+00
190   5.566000  -1.0  0             1                            0                                                                                                                                                                                                                              0.000000       
                                          3     4.6040  1.000E+00  1.000E+00  0.000E+00
191   5.572300  -1.0  0             1                            0                                                                                                                                                                                                                              0.000000       
                                          5     4.1600  1.000E+00  1.000E+00  0.000E+00
192   5.579300  -1.0  0             1                            0                                                                                                                                                                                                                              0.000000       
                                          1     5.5790  1.000E+00  1.000E+00  0.000E+00
193   5.592300  -1.0  0             1                            0                                                                                                                                                                                                                              0.000000       
                                          1     5.5920  1.000E+00  1.000E+00  0.000E+00
194   5.602100  -1.0  0             1                            0                                                                                                                                                                                                                              0.000000       
                                          2     4.9320  1.000E+00  1.000E+00  0.000E+00
195   5.645000  -1.0  0             0               (5/2-,7/2-)  0                                                                                                                                                                                                                              0.000000       
196   5.713000  -1.0  0             0                            0                                                                                                                                                                                                                              0.000000       
197   5.735300  -1.0  0             1                            0                                                                                                                                                                                                                              0.000000       
                                          1     5.7350  1.000E+00  1.000E+00  0.000E+00
198   5.768660  -1.0  0             1                            0                                                                                                                                                                                                                              0.000000       
                                        139     1.2710  1.000E+00  1.000E+00  0.000E+00
199   5.797300  -1.0  0             1                            0                                                                                                                                                                                                                              0.000000       
                                          1     5.7970  1.000E+00  1.000E+00  0.000E+00
200   5.804300  -1.0  0             1                            0                                                                                                                                                                                                                              0.000000       
                                          1     5.8040  1.000E+00  1.000E+00  0.000E+00
201   5.828300  -1.0  0             1               (5/2-,7/2-)  0                                                                                                                                                                                                                              0.000000       
                                          1     5.8280  1.000E+00  1.000E+00  0.000E+00
202   5.835000  -1.0  0             2                            0                                                                                                                                                                                                                              0.000000       
                                          6     4.2900  0.000E+00  0.000E+00  0.000E+00
                                          2     5.1630  0.000E+00  0.000E+00  0.000E+00
203   5.867630  -1.0  0             0                            0                                                                                                                                                                                                                              0.000000       
204   5.878000  -1.0  0             2                            0                                                                                                                                                                                                                              0.000000       
                                          3     4.9160  0.000E+00  0.000E+00  0.000E+00
                                          1     5.8780  0.000E+00  0.000E+00  0.000E+00
205   6.093300  -1.0  0             1                            0                                                                                                                                                                                                                              0.000000       
                                          1     6.0930  1.000E+00  1.000E+00  0.000E+00
206   6.283700   9.5  1             2                   19/2(+)  0                                                                                                                                                                                                                              0.000000       
                                        147     1.7070  1.150E-01  1.150E-01  2.590E-04
                                        139     1.7860  8.847E-01  8.850E-01  2.650E-04
207   6.375300  -1.0  0             1                (3/2,5/2)+  0                                                                                                                                                                                                                              0.000000       
                                          1     6.3750  1.000E+00  1.000E+00  0.000E+00
208   6.495500  -1.0  0             1                            0                                                                                                                                                                                                                              0.000000       
                                        185     1.1370  1.000E+00  1.000E+00  0.000E+00
209   7.073710  11.5  1             1                   23/2(+)  0                                                                                                                                                                                                                              0.000000       
                                        206     0.7900  9.995E-01  1.000E+00  4.990E-04
210   7.400300   0.5  0             5                       1/2  0                                                                                                                                                                                                                              0.000000       
                                          9     5.3870  4.734E-02  4.734E-02  0.000E+00
                                          6     5.8530  7.101E-02  7.101E-02  0.000E+00
                                          5     5.9880  1.183E-02  1.183E-02  0.000E+00
                                          2     6.7300  2.781E-01  2.781E-01  0.000E+00
                                          1     7.4000  5.917E-01  5.917E-01  0.000E+00
211   7.472700   0.5  0             6                       1/2  0                                                                                                                                                                                                                              0.000000       
                                         50     4.3710  6.977E-02  6.977E-02  0.000E+00
                                         43     4.5840  2.907E-02  2.907E-02  0.000E+00
                                         34     4.6930  4.070E-02  4.070E-02  0.000E+00
                                         18     4.9750  8.140E-02  8.140E-02  0.000E+00
                                          6     5.9250  1.977E-01  1.977E-01  0.000E+00
                                          1     7.4720  5.814E-01  5.814E-01  0.000E+00
212   7.513300   1.5  0             9                     (3/2)  0                                                                                                                                                                                                                              0.000000       
                                         50     4.4110  8.155E-02  8.155E-02  0.000E+00
                                         43     4.6240  3.004E-02  3.004E-02  0.000E+00
                                         34     4.7340  6.867E-02  6.867E-02  0.000E+00
                                         18     5.0150  6.009E-02  6.009E-02  0.000E+00
                                          6     5.9660  2.017E-01  2.017E-01  0.000E+00
                                          5     6.1010  3.863E-02  3.863E-02  0.000E+00
                                          3     6.5510  2.146E-02  2.146E-02  0.000E+00
                                          2     6.8430  4.292E-01  4.292E-01  0.000E+00
                                          1     7.5130  6.867E-02  6.867E-02  0.000E+00
213   7.529800   0.5  0            10                       1/2  0                                                                                                                                                                                                                              0.000000       
                                         34     4.7510  3.243E-02  3.243E-02  0.000E+00
                                         18     5.0320  8.108E-02  8.108E-02  0.000E+00
                                         10     5.4670  4.865E-02  4.865E-02  0.000E+00
                                          7     5.6690  2.162E-02  2.162E-02  0.000E+00
                                          6     5.9820  8.108E-02  8.108E-02  0.000E+00
                                          5     6.1180  3.784E-02  3.784E-02  0.000E+00
                                          4     6.2020  3.243E-02  3.243E-02  0.000E+00
                                          3     6.5670  9.189E-02  9.189E-02  0.000E+00
                                          2     6.8600  5.405E-01  5.405E-01  0.000E+00
                                          1     7.5290  3.243E-02  3.243E-02  0.000E+00
214   7.605600   0.5  0             7                     (1/2)  0                                                                                                                                                                                                                              0.000000       
                                         48     4.5620  3.150E-02  3.150E-02  0.000E+00
                                         30     4.9100  3.937E-02  3.937E-02  0.000E+00
                                         18     5.1080  7.087E-02  7.087E-02  0.000E+00
                                         10     5.5430  1.969E-02  1.969E-02  0.000E+00
                                          6     6.0580  9.055E-02  9.055E-02  0.000E+00
                                          2     6.9350  3.937E-01  3.937E-01  0.000E+00
                                          1     7.6050  3.543E-01  3.543E-01  0.000E+00
215   7.730200   0.5  0             0                     (1/2)  0                                                                                                                                                                                                                              0.000000       
216   8.564940   0.5 -1            26                      1/2-  0                                                                                                                                                                                                                              0.000000       
                                         94     4.7900  1.825E-02  1.827E-02  8.560E-04
                                         87     4.9070  3.042E-02  3.046E-02  1.421E-03
                                         73     5.1030  2.586E-02  2.586E-02  0.000E+00
                                         71     5.1350  3.346E-02  3.353E-02  2.064E-03
                                         68     5.1580  2.433E-02  2.438E-02  2.071E-03
                                         65     5.2550  5.171E-02  5.179E-02  1.511E-03
                                         61     5.2720  3.954E-02  3.963E-02  2.099E-03
                                         58     5.3000  1.065E-02  1.066E-02  1.523E-03
                                         56     5.3400  3.346E-02  3.351E-02  1.581E-03
                                         50     5.4640  3.042E-02  3.047E-02  1.569E-03
                                         48     5.5220  2.433E-02  2.437E-02  1.635E-03
                                         46     5.5850  1.825E-02  1.828E-02  1.653E-03
                                         45     5.6080  2.281E-02  2.285E-02  1.607E-03
                                         43     5.6780  2.281E-02  2.285E-02  1.623E-03
                                         30     5.8670  3.498E-02  3.504E-02  1.666E-03
                                         28     5.8860  6.844E-02  6.856E-02  1.716E-03
                                         22     6.0300  6.084E-03  6.084E-03  0.000E+00
                                         18     6.0660  6.844E-02  6.844E-02  0.000E+00
                                         16     6.1590  1.217E-02  1.217E-02  0.000E+00
                                         10     6.5040  5.323E-02  5.323E-02  0.000E+00
                                          9     6.5520  2.586E-02  2.586E-02  0.000E+00
                                          6     7.0170  1.171E-01  1.171E-01  0.000E+00
                                          5     7.1530  3.802E-02  3.802E-02  0.000E+00
                                          3     7.6020  1.825E-02  1.825E-02  0.000E+00
                                          2     7.8950  1.825E-02  1.825E-02  0.000E+00
                                          1     8.5640  1.521E-01  1.521E-01  0.000E+00
217   8.594200  -1.0  0             0                (3/2,5/2)+  0                                                                                                                                                                                                                              0.000000       
218   8.629100   2.5 -1            10                      5/2-  0                                                                                                                                                                                                                              0.000000       
                                         65     5.3190  5.892E-02  5.901E-02  1.528E-03
                                         38     5.7970  7.855E-02  7.868E-02  1.649E-03
                                          9     6.6160  1.089E-01  1.089E-01  0.000E+00
                                          7     6.7680  7.855E-02  7.855E-02  0.000E+00
                                          6     7.0810  1.785E-01  1.785E-01  0.000E+00
                                          5     7.2170  8.927E-02  8.927E-02  0.000E+00
                                          4     7.3020  8.927E-02  8.927E-02  0.000E+00
                                          3     7.6660  1.589E-01  1.589E-01  0.000E+00
                                          2     7.9590  1.964E-02  1.964E-02  0.000E+00
                                          1     8.6280  1.393E-01  1.393E-01  0.000E+00
219   8.639320   2.5 -1            22                      5/2-  0                                                                                                                                                                                                                              0.000000       
                                         65     5.3290  7.139E-02  7.150E-02  1.531E-03
                                         61     5.3460  3.245E-02  3.252E-02  2.117E-03
                                         58     5.3740  3.764E-02  3.770E-02  1.543E-03
                                         56     5.4140  2.596E-02  2.600E-02  1.555E-03
                                         51     5.5110  2.596E-02  2.600E-02  1.582E-03
                                         50     5.5380  2.596E-02  2.600E-02  1.589E-03
                                         48     5.5960  4.543E-02  4.550E-02  1.604E-03
                                         43     5.7520  1.947E-02  1.950E-02  1.639E-03
                                         34     5.8600  3.375E-02  3.381E-02  1.710E-03
                                         28     5.9600  2.336E-02  2.340E-02  1.689E-03
                                         22     6.1040  6.360E-02  6.360E-02  0.000E+00
                                         18     6.1400  4.283E-02  4.283E-02  0.000E+00
                                         14     6.3040  2.466E-02  2.466E-02  0.000E+00
                                         11     6.5580  3.245E-02  3.245E-02  0.000E+00
                                         10     6.5780  3.245E-02  3.245E-02  0.000E+00
                                          9     6.6250  2.336E-02  2.336E-02  0.000E+00
                                          6     7.0910  7.528E-02  7.528E-02  0.000E+00
                                          5     7.2270  8.307E-02  8.307E-02  0.000E+00
                                          4     7.3120  4.024E-02  4.024E-02  0.000E+00
                                          3     7.6760  8.047E-02  8.047E-02  0.000E+00
                                          2     7.9690  2.985E-02  2.985E-02  0.000E+00
                                          1     8.6380  1.298E-01  1.298E-01  0.000E+00
220   8.694100  -1.0  0             3                 1/2-,3/2-  0                                                                                                                                                                                                                              0.000000       
                                          9     6.6820  2.273E-01  2.273E-01  0.000E+00
                                          2     8.0230  1.234E-01  1.234E-01  0.000E+00
                                          1     8.6930  6.494E-01  6.494E-01  0.000E+00
221   8.700900  -1.0  0             3                 1/2-,3/2-  0                                                                                                                                                                                                                              0.000000       
                                          5     7.2890  1.818E-01  1.818E-01  0.000E+00
                                          2     8.0300  3.636E-01  3.636E-01  0.000E+00
                                          1     8.7000  4.545E-01  4.545E-01  0.000E+00
222   8.718600   1.5 -1             2                    (3/2-)  0                                                                                                                                                                                                                              0.000000       
                                          3     7.7560  7.407E-02  7.407E-02  0.000E+00
                                          1     8.7180  9.259E-01  9.259E-01  0.000E+00
223   8.719100   1.5 -1             2                    (3/2-)  0                                                                                                                                                                                                                              0.000000       
                                          3     7.7560  5.714E-01  5.714E-01  0.000E+00
                                          1     8.7190  4.286E-01  4.286E-01  0.000E+00
224   8.719200   1.5 -1             6                    (3/2-)  0                                                                                                                                                                                                                              0.000100       
                                         12     6.6270  2.500E-01  2.500E-01  0.000E+00
                                         11     6.6380  1.000E-01  1.000E-01  0.000E+00
                                          7     6.8560  1.600E-01  1.600E-01  0.000E+00
                                          6     7.1720  2.100E-01  2.100E-01  0.000E+00
                                          3     7.7570  1.400E-01  1.400E-01  0.000E+00
                                          1     8.7190  1.400E-01  1.400E-01  0.000E+00
225   8.727800   1.5 -1             5                      3/2-  0                                                                                                                                                                                                                              0.000000       
                                         11     6.6460  1.018E-01  1.018E-01  0.000E+00
                                         10     6.6650  5.988E-02  5.988E-02  0.000E+00
                                          5     7.3160  7.186E-02  7.186E-02  0.000E+00
                                          2     8.0570  1.677E-01  1.677E-01  0.000E+00
                                          1     8.7270  5.988E-01  5.988E-01  0.000E+00
226   8.731900   1.5 -1             3                    (3/2-)  0                                                                                                                                                                                                                              0.000000       
                                          5     7.3200  2.230E-01  2.230E-01  0.000E+00
                                          3     7.7690  7.194E-01  7.194E-01  0.000E+00
                                          1     8.7310  5.755E-02  5.755E-02  0.000E+00
227   8.734500   1.5 -1             4                    (3/2-)  0                                                                                                                                                                                                                              0.000000       
                                          6     7.1870  3.586E-01  3.586E-01  0.000E+00
                                          3     7.7720  3.984E-01  3.984E-01  0.000E+00
                                          2     8.0640  9.163E-02  9.163E-02  0.000E+00
                                          1     8.7340  1.514E-01  1.514E-01  0.000E+00
228   8.739000   1.5 -1             5                    (3/2-)  0                                                                                                                                                                                                                              0.000000       
                                         10     6.6760  2.131E-01  2.131E-01  0.000E+00
                                          9     6.7270  1.821E-01  1.821E-01  0.000E+00
                                          3     7.7760  3.436E-01  3.436E-01  0.000E+00
                                          2     8.0680  1.306E-01  1.306E-01  0.000E+00
                                          1     8.7380  1.306E-01  1.306E-01  0.000E+00
229   8.743300   1.5 -1             4                      3/2-  0                                                                                                                                                                                                                              0.000000       
                                          6     7.1950  9.055E-02  9.055E-02  0.000E+00
                                          5     7.3310  3.031E-01  3.031E-01  0.000E+00
                                          3     7.7800  2.126E-01  2.126E-01  0.000E+00
                                          1     8.7440  3.937E-01  3.937E-01  0.000E+00
230   8.743700   1.5 -1             5                      3/2-  0                                                                                                                                                                                                                              0.000000       
                                          6     7.1960  1.410E-01  1.410E-01  0.000E+00
                                          5     7.3320  1.090E-01  1.090E-01  0.000E+00
                                          3     7.7810  3.205E-01  3.205E-01  0.000E+00
                                          2     8.0730  1.699E-01  1.699E-01  0.000E+00
                                          1     8.7430  2.596E-01  2.596E-01  0.000E+00
231   8.746600   1.5 -1             3                    (3/2-)  0                                                                                                                                                                                                                              0.000000       
                                          3     7.7840  4.505E-01  4.505E-01  0.000E+00
                                          2     8.0760  2.703E-01  2.703E-01  0.000E+00
                                          1     8.7460  2.793E-01  2.793E-01  0.000E+00
232   8.747600   1.5 -1             3                      3/2-  0                                                                                                                                                                                                                              0.000000       
                                          3     7.7850  5.917E-01  5.917E-01  0.000E+00
                                          2     8.0770  2.485E-01  2.485E-01  0.000E+00
                                          1     8.7470  1.598E-01  1.598E-01  0.000E+00
233   8.750500   1.5 -1             4                    (3/2-)  0                                                                                                                                                                                                                              0.000000       
                                          6     7.2030  1.701E-01  1.701E-01  0.000E+00
                                          3     7.7880  6.803E-02  6.803E-02  0.000E+00
                                          2     8.0800  8.163E-02  8.163E-02  0.000E+00
                                          1     8.7500  6.803E-01  6.803E-01  0.000E+00
234   9.119000   1.5 -1             0                      3/2-  0                                                                                                                                                                                                                              0.000000       
235   9.584000   0.5 -1             0                      1/2-  0                                                                                                                                                                                                                              0.000000       
236   9.806500  -1.0  0             1                            0                                                                                                                                                                                                                              0.000000       
                                         20     7.3010  1.000E+00  1.000E+00  0.000E+00
237   9.829500  -1.0  0             1                            0                                                                                                                                                                                                                              0.000000       
                                         20     7.3240  1.000E+00  1.000E+00  0.000E+00
238   9.841500  -1.0  0             1                            0                                                                                                                                                                                                                              0.000000       
                                         20     7.3360  1.000E+00  1.000E+00  0.000E+00
239   9.849000   4.5  1             0                      9/2+  0                                                                                                                                                                                                                              0.000000       
240   9.854500  -1.0  0             1                            0                                                                                                                                                                                                                              0.000000       
                                         20     7.3490  1.000E+00  1.000E+00  0.000E+00
241   9.864300  -1.0  0            10                            0                                                                                                                                                                                                                              0.000000       
                                         21     7.3540  6.930E-01  6.930E-01  0.000E+00
                                         16     7.4600  2.911E-02  2.911E-02  0.000E+00
                                         12     7.7710  3.604E-02  3.604E-02  0.000E+00
                                          7     8.0020  2.287E-02  2.287E-02  0.000E+00
                                          6     8.3160  2.010E-02  2.010E-02  0.000E+00
                                          5     8.4510  2.772E-02  2.772E-02  0.000E+00
                                          4     8.5400  2.911E-02  2.911E-02  0.000E+00
                                          3     8.9010  6.098E-02  6.098E-02  0.000E+00
                                          2     9.1930  3.396E-02  3.396E-02  0.000E+00
                                          1     9.8630  4.712E-02  4.712E-02  0.000E+00
242   9.865000   1.5 -1             0                    (3/2)-  0                                                                                                                                                                                                                              0.000000       
243   9.970000  -1.0  0             0                 7/2+,9/2+  0                                                                                                                                                                                                                              0.000000       
244  10.960000   2.5  1             0                      5/2+  0                                                                                                                                                                                                                              0.000000       
245  11.029000  -1.0  0             0                            0                                                                                                                                                                                                                              0.000000       
246  11.227000  -1.0  0             0                            0                                                                                                                                                                                                                              0.000000       
247  11.230000   4.5  1             0                      9/2+  0                                                                                                                                                                                                                              0.000000       
248  11.326000  -1.0  0             0                            0                                                                                                                                                                                                                              0.000000       
249  11.469000  -1.0  0             0                            0                                                                                                                                                                                                                              0.000000       
250  11.641000  -1.0  0             0                            0                                                                                                                                                                                                                              0.000000       
251  11.723000  -1.0  0             0                            0                                                                                                                                                                                                                              0.000000       
252  11.816000  -1.0  0             0                            0                                                                                                                                                                                                                              0.000000       
253  11.951000  -1.0  0             0                            0                                                                                                                                                                                                                              0.000000       
254  12.056000  -1.0  0             0                            0                                                                                                                                                                                                                              0.000000       
255  12.196000  -1.0  0             0                            0                                                                                                                                                                                                                              0.000000       
